unique_id,task_desc,obj_type,verbs,goal_phase,issue_text,learning_text,valid_level,issue_task_id,issue_trial_num,issue_step_range,evidence_task_id,evidence_trial_num,evidence_step_range
1,"Your task is to boil water. For compounds without a boiling point, combusting the substance is also acceptable. First, focus on the substance. Then, take actions that will cause it to change its state of matter.",container,take,ACQUIRE,Agent attempts to 'take metal pot' which is not a valid action.,Identify interactable objects from 'look around' output and use correct 'take' action.,VALID_SAME_TRIAL,scienceworld_boil_var_0,1,8-8,scienceworld_boil_var_0,1,47-47
2,"Your task is to boil water. For compounds without a boiling point, combusting the substance is also acceptable. First, focus on the substance. Then, take actions that will cause it to change its state of matter.","container, water, sink","fill, put",ACQUIRE,Agent repeatedly tries invalid 'fill' or 'put' actions to get water into a container.,"To fill a container, first 'put container in sink', then 'activate sink'.",VALID_NEXT_TRIAL,scienceworld_boil_var_0,1,12-45,scienceworld_boil_var_0,2,22-26
3,"Your task is to boil water. For compounds without a boiling point, combusting the substance is also acceptable. First, focus on the substance. Then, take actions that will cause it to change its state of matter.",container,take,ACQUIRE,Agent uses incorrect object name 'glass cup' instead of 'cup containing nothing' for 'take' action.,Use the exact object name from the observation for 'take' actions.,VALID_SAME_TRIAL,scienceworld_boil_var_0,2,6-6,scienceworld_boil_var_0,2,12-12
4,"Your task is to boil water. For compounds without a boiling point, combusting the substance is also acceptable. First, focus on the substance. Then, take actions that will cause it to change its state of matter.","container, sink",take,ACQUIRE,Agent uses incorrect object name 'glass cup' instead of 'cup containing water' for 'take' action from sink.,"Use the exact object name from the observation for 'take' actions, especially after object state changes.",VALID_SAME_TRIAL,scienceworld_boil_var_0,2,28-28,scienceworld_boil_var_0,2,32-32
5,"Your task is to boil water. For compounds without a boiling point, combusting the substance is also acceptable. First, focus on the substance. Then, take actions that will cause it to change its state of matter.",task completion,submit,ANSWER,Agent attempts to submit 'Solution: The task is complete.' after task completion.,The task is complete when the score increases after the final required action; no explicit submission is needed.,VALID_NEXT_TRIAL,scienceworld_boil_var_0,2,38-38,scienceworld_boil_var_0,6,11-11
6,"Your task is to boil water. For compounds without a boiling point, combusting the substance is also acceptable. First, focus on the substance. Then, take actions that will cause it to change its state of matter.",container,take,ACQUIRE,Agent uses incorrect object name 'cup containing nothing from table' for 'take' action.,"Use the exact object name from the observation for 'take' actions, without specifying location.",VALID_SAME_TRIAL,scienceworld_boil_var_0,3,2-2,scienceworld_boil_var_0,3,8-8
7,"Your task is to boil water. For compounds without a boiling point, combusting the substance is also acceptable. First, focus on the substance. Then, take actions that will cause it to change its state of matter.","container, sink",take,ACQUIRE,Agent uses incorrect object name 'cup containing water from sink' for 'take' action from sink.,"Use the exact object name from the observation for 'take' actions, without specifying location.",VALID_SAME_TRIAL,scienceworld_boil_var_0,3,14-14,scienceworld_boil_var_0,3,18-18
8,"Your task is to use chemistry to create green paint. When you are done, focus on the green paint.","paint, cup, jug","take, pour",ACQUIRE,"Attempted to 'take' paint from a cup, which is not a valid action.","To transfer liquids like paint, use the 'pour [substance] into [container]' action instead of 'take'.",VALID_SAME_TRIAL,scienceworld_chemistry-mix-paint-secondary-color_var_0,1,6-6,scienceworld_chemistry-mix-paint-secondary-color_var_0,1,8-8
9,"Your task is to use chemistry to create green-blue paint. When you are part-way done, focus on the intermediate (secondary color) paint you created.  When you are completely done, focus on the green paint.",container,"take, move",ACQUIRE,Agent repeatedly attempts to pick up an empty cup using incorrect or ambiguous object names.,"When picking up an object, use the exact object name as it appears in the valid actions list, or select the correct option from ambiguous requests.",CANDIDATE,scienceworld_chemistry-mix-paint-tertiary-color_var_0,1,6-49,scienceworld_chemistry-mix-paint-tertiary-color_var_0,3,47-49
10,"Your task is to use chemistry to create the substance 'salt water'. A recipe and some of the ingredients might be found near the kitchen. When you are done, focus on the salt water.",instructions,"examine, read",SEARCH,Used 'examine' instead of 'read' to get recipe content.,Use 'read' action to view the content of instructions or recipes.,VALID_SAME_TRIAL,scienceworld_chemistry-mix_var_0,1,6-7,scienceworld_chemistry-mix_var_0,1,10-11
11,"Your task is to use chemistry to create the substance 'salt water'. A recipe and some of the ingredients might be found near the kitchen. When you are done, focus on the salt water.","substance, container","take, open",ACQUIRE,Attempted to take sodium chloride directly without opening its container.,"If an item cannot be taken directly, check if it's inside an openable container.",VALID_SAME_TRIAL,scienceworld_chemistry-mix_var_0,1,14-15,scienceworld_chemistry-mix_var_0,1,26-27
12,"Your task is to use chemistry to create the substance 'salt water'. A recipe and some of the ingredients might be found near the kitchen. When you are done, focus on the salt water.","container, water","fill, put",ACQUIRE,Attempted to fill a cup with water without placing it in the sink first.,"To fill a container with water from a sink, first place the container in the sink.",VALID_SAME_TRIAL,scienceworld_chemistry-mix_var_0,1,36-37,scienceworld_chemistry-mix_var_0,1,44-45
13,"Your task is to find a(n) animal. First, focus on the thing. Then, move it to the red box in the kitchen.",animal,focus,ACQUIRE,Agent repeatedly tried to 'focus on bee X' when 'bee X' was not a valid direct focus target.,"To focus on an animal within a container, first open the container, then look inside to reveal the specific animal object.",VALID_NEXT_TRIAL,scienceworld_find-animal_var_0,1,101-125,scienceworld_find-animal_var_0,4,101-105
14,"Your task is to find a(n) animal. First, focus on the thing. Then, move it to the red box in the kitchen.","animal, container","take, move",ACQUIRE,Agent attempted to 'take adult bee in greenhouse' but the bee was not added to inventory.,The 'take' action for an animal might not add it to inventory; check if it becomes a global movable object.,VALID_NEXT_TRIAL,scienceworld_find-animal_var_0,2,109-111,scienceworld_find-animal_var_0,4,107-109
15,"Your task is to find a(n) animal. First, focus on the thing. Then, move it to the red box in the kitchen.","animal, container",move,PROCEDURE,Agent repeatedly tried to 'move adult bee to red box' or 'put adult bee in red box' when it was not a valid action.,"After focusing on an animal, the 'move [animal] to [container]' action is the correct way to transfer it.",VALID_NEXT_TRIAL,scienceworld_find-animal_var_0,4,121-135,scienceworld_find-animal_var_0,6,201-203
16,"Your task is to find a(n) animal. First, focus on the thing. Then, move it to the red box in the kitchen.","animal, container",move,PROCEDURE,"Agent repeatedly tried to move bee to inventory or directly to kitchen, but it was not a valid action.",Some animals are not directly movable to inventory or other rooms; they may require a specific container or interaction.,VALID_NEXT_TRIAL,scienceworld_find-animal_var_0,3,101-115,scienceworld_find-animal_var_0,4,101-105
17,"Your task is to find a(n) animal. First, focus on the thing. Then, move it to the red box in the kitchen.","animal, container",move,PROCEDURE,"Agent repeatedly tried to move bee to jug or shovel, but it was not a valid action.",Not all tools can be used to move animals; check valid actions for direct animal-to-container transfers.,VALID_SAME_TRIAL,scienceworld_find-animal_var_0,6,177-185,scienceworld_find-animal_var_0,6,201-203
18,"Your task is to find a(n) living thing. First, focus on the thing. Then, move it to the red box in the kitchen.","living thing, red box","focus, move, take",ACQUIRE,Attempted to move an object that was focused on but not in inventory.,"After focusing on an object, use 'take' to add it to inventory before attempting to move it to another location.",VALID_SAME_TRIAL,scienceworld_find-living-thing_var_0,1,12-13,scienceworld_find-living-thing_var_0,1,16-17
19,"Your task is to find a(n) non-living thing. First, focus on the thing. Then, move it to the red box in the kitchen.","non-living thing, container","focus on, take, move",ACQUIRE,Attempted to move an object to a container without first taking it into inventory.,Always take an object into inventory before attempting to move it to a container.,VALID_SAME_TRIAL,scienceworld_find-non-living-thing_var_0,1,7-8,scienceworld_find-non-living-thing_var_0,1,10-11
20,"Your task is to find a(n) plant. First, focus on the thing. Then, move it to the red box in the kitchen.","plant, red box","focus, move, take",ACQUIRE,Attempted to move a plant that was not in inventory.,Always take an object into inventory before attempting to move it to a new location.,VALID_SAME_TRIAL,scienceworld_find-plant_var_0,1,11-11,scienceworld_find-plant_var_0,1,17-17
21,"Your task is to freeze water. First, focus on the substance. Then, take actions that will cause it to change its state of matter.","substance, jug, freezer","take, move, close, open, focus",PROCEDURE,Agent repeatedly tries to freeze water with invalid actions like 'freeze substance in jug' or 'activate water'.,"To freeze water, place the jug in the freezer, close the freezer, then open it again. The state change happens implicitly.",VALID_NEXT_TRIAL,scienceworld_freeze_var_0,2,25-49,scienceworld_freeze_var_0,6,37-40
22,"Your task is to freeze water. First, focus on the substance. Then, take actions that will cause it to change its state of matter.","jug, sink",take,ACQUIRE,Agent attempts to 'take jug from sink' while in a different room.,Ensure agent is in the same room as the object before attempting to take it.,VALID_SAME_TRIAL,scienceworld_freeze_var_0,1,37-37,scienceworld_freeze_var_0,1,43-43
23,"Your task is to freeze water. First, focus on the substance. Then, take actions that will cause it to change its state of matter.",freezer,look in,VERIFY,Agent tries to look inside a closed freezer.,Open containers before attempting to look inside them.,VALID_SAME_TRIAL,scienceworld_freeze_var_0,3,37-37,scienceworld_freeze_var_0,3,38-38
24,"Your task is to freeze water. First, focus on the substance. Then, take actions that will cause it to change its state of matter.","substance, jug",look at,VERIFY,Agent tries to look at substance in jug while freezer is closed.,Open containers before attempting to look at contents.,VALID_SAME_TRIAL,scienceworld_freeze_var_0,5,37-37,scienceworld_freeze_var_0,5,39-39
25,"Your task is to focus on the 4 life stages of the turtle, starting from earliest to latest.","room, object","look around, look at, open, look in, go to",SEARCH,Agent repeatedly searches rooms and containers without finding relevant information.,"Adopt a systematic search strategy, focusing on text, diagrams, or sequences of images in each room.",VALID_NEXT_TRIAL,scienceworld_identify-life-stages-1_var_0,1,0-200,scienceworld_identify-life-stages-1_var_0,5,0-1
26,"Your task is to focus on the 4 life stages of the turtle, starting from earliest to latest.","bee, bee hive","look at, open, look in",SEARCH,"Agent examines bees and bee hive, but they are not relevant to turtle life stages.","Filter search results for direct relevance to the task's subject (turtles), ignoring similar but unrelated items.",VALID_SAME_TRIAL,scienceworld_identify-life-stages-1_var_0,2,2-10,scienceworld_identify-life-stages-1_var_0,2,11-12
27,"Your task is to focus on the 4 life stages of the turtle, starting from earliest to latest.",room,go to,RECOVER,Agent attempts to go to a room directly without first returning to the hallway.,Always return to the hallway before attempting to navigate to a different room.,VALID_SAME_TRIAL,scienceworld_identify-life-stages-1_var_0,5,108-108,scienceworld_identify-life-stages-1_var_0,5,110-110
28,"Your task is to focus on the 4 life stages of the turtle, starting from earliest to latest.",object,look at,SEARCH,Agent attempts to examine a specific object (white pillow) that is part of another object's description.,Only examine objects explicitly listed as interactable; nested descriptions are not separate objects.,VALID_SAME_TRIAL,scienceworld_identify-life-stages-1_var_0,5,120-120,scienceworld_identify-life-stages-1_var_0,5,122-122
29,"Your task is to focus on the 4 life stages of the turtle, starting from earliest to latest.",object,look at,SEARCH,Agent attempts to examine a specific object (red apple) that is part of a container's contents.,Only examine objects explicitly listed as interactable; contents of containers are not separate objects.,VALID_SAME_TRIAL,scienceworld_identify-life-stages-1_var_0,7,108-108,scienceworld_identify-life-stages-1_var_0,7,110-110
30,"Your task is to focus on the life stages of the apple plant, starting from earliest to latest. The plants are located outside.","apple plant, flower pot",focus,PROCEDURE,"Agent focuses on a flower pot containing an apple seed, not an apple plant.","Identify the earliest *plant* stage (seedling) and focus on the object containing it, not just the seed.",VALID_NEXT_TRIAL,scienceworld_identify-life-stages-2_var_0,1,8-8,scienceworld_identify-life-stages-2_var_0,7,8-8
31,"Your task is to focus on the life stages of the apple plant, starting from earliest to latest. The plants are located outside.","apple plant, flower pot",focus,PROCEDURE,"Agent focuses on a flower pot containing a seedling, but it's not the first stage.","The earliest life stage of an apple *plant* is the seedling, but the task requires starting from the earliest *life stage*, which includes the apple seed.",VALID_NEXT_TRIAL,scienceworld_identify-life-stages-2_var_0,2,5-5,scienceworld_identify-life-stages-2_var_0,3,13-13
32,"Your task is to determine which of the two inclined planes (C, B) has the shallowest angle. After completing your experiment, focus on the inclined plane with the shallowest angle.","inclined plane, block","move, look around",MEASURE,Agent moved block to inclined planes but did not observe the result immediately.,"After moving an object to an inclined plane, use 'look around' to observe if the object slid.",VALID_SAME_TRIAL,scienceworld_inclined-plane-determine-angle_var_0,1,10-13,scienceworld_inclined-plane-determine-angle_var_0,1,14-15
33,"Your task is to determine which of the two inclined planes (paper, cloth) has the most friction. After completing your experiment, focus on the inclined plane with the most friction.",room,go to,SEARCH,Agent searched multiple incorrect rooms before finding the correct one.,Systematically explore all available rooms until the required objects are found.,VALID_SAME_TRIAL,scienceworld_inclined-plane-friction-named-surfaces_var_0,1,2-22,scienceworld_inclined-plane-friction-named-surfaces_var_0,1,23-24
34,"Your task is to determine which of the two inclined planes (unknown material C, unknown material H) has the most friction. After completing your experiment, focus on the inclined plane with the most friction.","switch, inclined plane","activate, look at",PROCEDURE,Activating the switch did not affect the inclined plane's block movement.,"Observe the inclined plane directly after placing the block to determine if it slides, rather than activating a switch.",VALID_SAME_TRIAL,scienceworld_inclined-plane-friction-unnamed-surfaces_var_0,1,9-10,scienceworld_inclined-plane-friction-unnamed-surfaces_var_0,1,11-12
35,Your task is to find the animal with the longest life span.  The animals are in the 'outside' location.  Focus on the animal with the longest life span.,animal,"look at, examine, focus on",MEASURE,"Agent used 'look at' and 'examine' to find lifespan information, which did not work.","Use 'focus on' action to retrieve specific information about an object, such as an animal's lifespan.",VALID_SAME_TRIAL,scienceworld_lifespan-longest-lived_var_0,1,13-16,scienceworld_lifespan-longest-lived_var_0,1,17-17
36,"Your task is to find the animal with the longest life span, then the shortest life span. First, focus on the animal with the longest life span.  Then, focus on the animal with the shortest life span. The animals are in the 'outside' location.",animal,"examine, focus on",MEASURE,Used 'examine' instead of 'focus on' to get animal lifespan information.,"Use the 'focus on' action to retrieve specific information about an object, such as an animal's lifespan.",VALID_SAME_TRIAL,scienceworld_lifespan-longest-lived-then-shortest-lived_var_0,1,10-10,scienceworld_lifespan-longest-lived-then-shortest-lived_var_0,1,12-12
37,"Your task is to find the animal with the longest life span, then the shortest life span. First, focus on the animal with the longest life span.  Then, focus on the animal with the shortest life span. The animals are in the 'outside' location.",animal,"look at, examine, focus on",MEASURE,"Repeatedly used 'look at' and 'examine' actions, which did not provide lifespan information.","When 'look at' or 'examine' don't provide needed info, try 'focus on' or consult general knowledge.",VALID_SAME_TRIAL,scienceworld_lifespan-longest-lived-then-shortest-lived_var_0,2,14-20,scienceworld_lifespan-longest-lived-then-shortest-lived_var_0,2,21-24
38,Your task is to find the animal with the shortest life span.  The animals are in the 'outside' location.  Focus on the animal with the shortest life span.,animal,"look at, examine, focus on",MEASURE,Using 'look at' or 'examine' on an animal does not provide lifespan information.,"Use 'focus on [animal]' to retrieve detailed information, including lifespan, for an animal.",VALID_SAME_TRIAL,scienceworld_lifespan-shortest-lived_var_0,1,13-16,scienceworld_lifespan-shortest-lived_var_0,1,17-17
39,"Your task is to measure the melting point of chocolate, which is located around the kitchen. First, focus on the thermometer. Next, focus on the chocolate. If the melting point of chocolate is above -10.0 degrees celsius, focus on the blue box. If the melting point of chocolate is below -10.0 degrees celsius, focus on the orange box. The boxes are located around the kitchen.",chocolate,focus on,PROCEDURE,"Attempted to 'focus on chocolate' directly, which is not a valid action.",The task instruction 'focus on chocolate' is conceptual; the melting point is read from the thermometer after focusing on it.,VALID_NEXT_TRIAL,scienceworld_measure-melting-point-known-substance_var_0,1,5-15,scienceworld_measure-melting-point-known-substance_var_0,2,3-5
40,"Your task is to measure the melting point of chocolate, which is located around the kitchen. First, focus on the thermometer. Next, focus on the chocolate. If the melting point of chocolate is above -10.0 degrees celsius, focus on the blue box. If the melting point of chocolate is below -10.0 degrees celsius, focus on the orange box. The boxes are located around the kitchen.",thermometer,look at,MEASURE,Failed to explicitly 'look at thermometer' to get the temperature reading after focusing on it.,"After focusing on a measurement tool like a thermometer, explicitly 'look at' it to get the reading.",VALID_NEXT_TRIAL,scienceworld_measure-melting-point-known-substance_var_0,2,3-5,scienceworld_measure-melting-point-known-substance_var_0,3,8-9
41,"Your task is to measure the melting point of solid unknown substance C, which is located around the kitchen. First, focus on the thermometer. Next, focus on the solid unknown substance C. If the melting point of solid unknown substance C is above 150.0 degrees celsius, focus on the orange box. If the melting point of solid unknown substance C is below 150.0 degrees celsius, focus on the yellow box. The boxes are located around the kitchen.","thermometer, solid unknown substance","focus, use",PROCEDURE,Agent focused on substance and thermometer but did not measure melting point.,"After focusing on the thermometer and substance, use the thermometer on the substance to measure its melting point.",VALID_NEXT_TRIAL,scienceworld_measure-melting-point-unknown-substance_var_0,1,4-7,scienceworld_measure-melting-point-unknown-substance_var_0,2,8-9
42,"Your task is to measure the melting point of solid unknown substance C, which is located around the kitchen. First, focus on the thermometer. Next, focus on the solid unknown substance C. If the melting point of solid unknown substance C is above 150.0 degrees celsius, focus on the orange box. If the melting point of solid unknown substance C is below 150.0 degrees celsius, focus on the yellow box. The boxes are located around the kitchen.",solid unknown substance,think,MEASURE,Agent incorrectly assumed melting point without measurement.,Do not assume the melting point; always perform the measurement action with the thermometer.,VALID_NEXT_TRIAL,scienceworld_measure-melting-point-unknown-substance_var_0,1,6-7,scienceworld_measure-melting-point-unknown-substance_var_0,2,8-9
43,"Your task is to determine whether blue seed color is a dominant or recessive trait in the unknown E plant. If the trait is dominant, focus on the red box. If the trait is recessive, focus on the green box.","seed, flower pot",plant,PROCEDURE,Attempted to plant seed with incorrect action phrasing.,Use the action 'put [seed] in [flower pot]' to plant seeds.,VALID_SAME_TRIAL,scienceworld_mendelian-genetics-unknown-plant_var_0,1,10-16,scienceworld_mendelian-genetics-unknown-plant_var_0,1,18-19
44,"Your task is to determine whether blue seed color is a dominant or recessive trait in the unknown E plant. If the trait is dominant, focus on the red box. If the trait is recessive, focus on the green box.","jug, sink, water",fill,ACQUIRE,Attempted to fill jug with water using incorrect action phrasing.,"To fill the jug, first 'activate sink', then 'put jug in sink', then 'take jug'.",VALID_NEXT_TRIAL,scienceworld_mendelian-genetics-unknown-plant_var_0,1,22-47,scienceworld_mendelian-genetics-unknown-plant_var_0,2,10-11
45,"Your task is to determine whether blue seed color is a dominant or recessive trait in the unknown E plant. If the trait is dominant, focus on the red box. If the trait is recessive, focus on the green box.","jug, flower pot, water","water, pour",PROCEDURE,Attempted to water plant with incorrect action phrasing.,Use the action 'pour jug into [flower pot]' to water the plant.,VALID_NEXT_TRIAL,scienceworld_mendelian-genetics-unknown-plant_var_0,2,14-20,scienceworld_mendelian-genetics-unknown-plant_var_0,4,28-29
46,"Your task is to determine whether blue seed color is a dominant or recessive trait in the unknown E plant. If the trait is dominant, focus on the red box. If the trait is recessive, focus on the green box.","jug, flower pot","move, take",PROCEDURE,"Incorrectly used 'move jug to flower pot' to water, then struggled to retrieve it.","Do not 'move jug to flower pot' to water; use 'pour jug into flower pot'. To retrieve an item from a container, use 'take [item]'.",VALID_NEXT_TRIAL,scienceworld_mendelian-genetics-unknown-plant_var_0,2,22-23,scienceworld_mendelian-genetics-unknown-plant_var_0,4,28-29
47,"Your task is to determine whether blue seed color is a dominant or recessive trait in the unknown E plant. If the trait is dominant, focus on the red box. If the trait is recessive, focus on the green box.","plant, flower pot","look around, look at",VERIFY,Repeatedly checked plant growth without advancing game state sufficiently.,Repeated 'look around' or 'look at [object]' actions are needed to advance the game state and allow plants to grow.,VALID_NEXT_TRIAL,scienceworld_mendelian-genetics-unknown-plant_var_0,2,26-49,scienceworld_mendelian-genetics-unknown-plant_var_0,4,46-49
48,"Your task is to determine whether blue seed color is a dominant or recessive trait in the unknown E plant. If the trait is dominant, focus on the red box. If the trait is recessive, focus on the green box.","shovel, adult plant, flower pot, seeds","use, harvest, take, dig up",ACQUIRE,Attempted to harvest seeds using incorrect action phrasing.,"To harvest seeds from an adult plant in a flower pot, use the action 'take seeds from [adult plant]'.",VALID_NEXT_TRIAL,scienceworld_mendelian-genetics-unknown-plant_var_0,5,40-49,scienceworld_mendelian-genetics-unknown-plant_var_0,6,36-37
49,"Your task is to turn on the red light bulb. First, focus on the red light bulb. Then, create an electrical circuit that powers it on.","wire, battery, light bulb",connect,PROCEDURE,Agent incorrectly connects wires to battery instead of gas generator.,Identify the correct power source (gas generator) and connect wires to its anode and cathode.,CANDIDATE,scienceworld_power-component_var_0,1,40-47,scienceworld_power-component_var_0,1,48-49
50,"Your task is to turn on the red light bulb. First, focus on the red light bulb. Then, create an electrical circuit that powers it on.",wire,disconnect,RECOVER,Agent attempts to disconnect wires using incorrect syntax.,Use the 'take [wire]' action to disconnect a wire from its current connection.,VALID_NEXT_TRIAL,scienceworld_power-component_var_0,1,48-48,scienceworld_power-component_var_0,3,40-41
51,"Your task is to turn on the red light bulb. First, focus on the red light bulb. Then, create an electrical circuit that powers it on.","wire, gas generator, light bulb","connect, activate",PROCEDURE,Agent connects wires to gas generator but light bulb remains off.,Ensure both terminals of the wire are connected to the correct components (power source and light bulb).,CANDIDATE,scienceworld_power-component_var_0,2,10-13,scienceworld_power-component_var_0,2,28-31
52,"Your task is to turn on the red light bulb. First, focus on the red light bulb. Then, create an electrical circuit that powers it on.","wire, battery, switch, light bulb","connect, activate",PROCEDURE,"Agent connects battery to switch, switch to light bulb, but light bulb remains off.",Verify all connections are correct and that the power source is active. Consider testing components individually.,CANDIDATE,scienceworld_power-component_var_0,5,30-37,scienceworld_power-component_var_0,5,48-49
53,"Your task is to turn on the red light bulb. First, focus on the red light bulb. Then, create an electrical circuit that powers it on.","wire, light bulb",connect,PROCEDURE,Agent attempts to connect wire to switch without specifying anode/cathode.,"When connecting to polarized components, specify 'anode in [component]' or 'cathode in [component]'.",VALID_SAME_TRIAL,scienceworld_power-component_var_0,4,40-40,scienceworld_power-component_var_0,4,42-43
54,"Your task is to turn on the red light bulb by powering it using a renewable power source. First, focus on the red light bulb. Then, create an electrical circuit that powers it on.","wire, solar panel, light bulb",connect,PROCEDURE,Agent tried to connect wire to component without specifying terminal numbers.,"Always specify terminal numbers (e.g., 'terminal 1', 'terminal 2') when connecting wires to electrical components.",VALID_SAME_TRIAL,scienceworld_power-component-renewable-vs-nonrenewable-energy_var_0,1,13-13,scienceworld_power-component-renewable-vs-nonrenewable-energy_var_0,1,16-16
55,"Your task is to turn on the red light bulb by powering it using a renewable power source. First, focus on the red light bulb. Then, create an electrical circuit that powers it on.",solar panel,activate,PROCEDURE,"Agent tried to activate the solar panel directly, which is not a valid action.","Solar panels are activated by being placed in a location with light, not by a direct 'activate' command.",VALID_NEXT_TRIAL,scienceworld_power-component-renewable-vs-nonrenewable-energy_var_0,1,25-25,scienceworld_power-component-renewable-vs-nonrenewable-energy_var_0,2,40-40
56,"Your task is to turn on the red light bulb by powering it using a renewable power source. First, focus on the red light bulb. Then, create an electrical circuit that powers it on.",solar panel,move,ACQUIRE,Agent tried to move a connected solar panel to another room without disconnecting wires first.,"To move connected electrical components, first disconnect all wires, then take the component.",VALID_SAME_TRIAL,scienceworld_power-component-renewable-vs-nonrenewable-energy_var_0,1,29-29,scienceworld_power-component-renewable-vs-nonrenewable-energy_var_0,1,37-37
57,"Your task is to turn on the red light bulb by powering it using a renewable power source. First, focus on the red light bulb. Then, create an electrical circuit that powers it on.",wire,disconnect,RECOVER,Agent tried to disconnect wires using an invalid 'disconnect' command.,"To disconnect a wire, use the 'take [wire]' action, which implicitly disconnects it.",VALID_SAME_TRIAL,scienceworld_power-component-renewable-vs-nonrenewable-energy_var_0,1,31-31,scienceworld_power-component-renewable-vs-nonrenewable-energy_var_0,1,37-37
58,"Your task is to turn on the red light bulb by powering it using a renewable power source. First, focus on the red light bulb. Then, create an electrical circuit that powers it on.","wire, solar panel",connect,PROCEDURE,Agent tried to connect wires to objects in different rooms.,All components of an electrical circuit must be in the same room to be connected.,VALID_NEXT_TRIAL,scienceworld_power-component-renewable-vs-nonrenewable-energy_var_0,1,45-45,scienceworld_power-component-renewable-vs-nonrenewable-energy_var_0,2,10-10
59,"Your task is to turn on the red light bulb by powering it using a renewable power source. First, focus on the red light bulb. Then, create an electrical circuit that powers it on.","solar panel, light bulb",put,PROCEDURE,Moving connected components from inventory to environment disconnects them.,"Place all components in the desired location first, then connect them with wires.",VALID_SAME_TRIAL,scienceworld_power-component-renewable-vs-nonrenewable-energy_var_0,2,20-20,scienceworld_power-component-renewable-vs-nonrenewable-energy_var_0,2,24-24
60,"Your task is to turn on the red light bulb by powering it using a renewable power source. First, focus on the red light bulb. Then, create an electrical circuit that powers it on.","wire, solar panel",connect,PROCEDURE,"Agent repeatedly failed to connect wires using incorrect syntax, despite previous success.",Use the exact phrasing 'connect [wire] terminal [number] to [anode/cathode] in [component]' for connections.,VALID_NEXT_TRIAL,scienceworld_power-component-renewable-vs-nonrenewable-energy_var_0,5,29-29,scienceworld_power-component-renewable-vs-nonrenewable-energy_var_0,6,20-20
61,"Your task is to determine if aluminum foil is electrically conductive. The aluminum foil is located around the workshop. First, focus on the aluminum foil. If it is electrically conductive, place it in the red box. If it is electrically nonconductive, place it in the green box.","wire, aluminum foil",disconnect,RECOVER,Incorrect syntax for disconnecting wires from aluminum foil.,"The 'disconnect' action requires specifying the wire and the object it's connected to, without terminals for non-polarized objects.",CANDIDATE,scienceworld_test-conductivity_var_0,1,20-23,scienceworld_test-conductivity_var_0,3,10-11
62,"Your task is to determine if aluminum foil is electrically conductive. The aluminum foil is located around the workshop. First, focus on the aluminum foil. If it is electrically conductive, place it in the red box. If it is electrically nonconductive, place it in the green box.","wire, battery",connect,PROCEDURE,Failed to specify terminal when connecting wire to battery.,"When connecting wires to polarized components like a battery, specify the terminal (e.g., 'terminal 1 to battery cathode').",VALID_SAME_TRIAL,scienceworld_test-conductivity_var_0,2,6-6,scienceworld_test-conductivity_var_0,2,8-8
63,"Your task is to determine if aluminum foil is electrically conductive. The aluminum foil is located around the workshop. First, focus on the aluminum foil. If it is electrically conductive, place it in the red box. If it is electrically nonconductive, place it in the green box.","aluminum foil, light bulb","observe, place",VERIFY,Incorrectly concluded aluminum foil was non-conductive based on light bulb not lighting up.,Rely on scientific knowledge (aluminum foil is conductive) rather than potentially faulty experimental setup observations.,VALID_NEXT_TRIAL,scienceworld_test-conductivity_var_0,3,16-17,scienceworld_test-conductivity_var_0,4,5-7
64,"Your task is to determine if unknown substance B is electrically conductive. The unknown substance B is located around the workshop. First, focus on the unknown substance B. If it is electrically conductive, place it in the red box. If it is electrically nonconductive, place it in the green box.","wire, battery, substance",connect,PROCEDURE,Attempted to connect wire to battery without specifying terminal.,"Specify the terminal (e.g., terminal 1, terminal 2, anode, cathode) when connecting electrical components.",VALID_SAME_TRIAL,scienceworld_test-conductivity-of-unknown-substances_var_0,1,7-7,scienceworld_test-conductivity-of-unknown-substances_var_0,1,10-10
65,"Your task is to measure the temperature of unknown substance B, which is located around the living room. First, focus on the thermometer. Next, focus on the unknown substance B. If the unknown substance B temperature is above 100.0 degrees celsius, place it in the red box. If the unknown substance B temperature is below 100.0 degrees celsius, place it in the green box. The boxes are located around the bathroom.",drawer,"look in, open",SEARCH,Attempted to look inside a closed drawer.,Always open containers before attempting to look inside them.,VALID_SAME_TRIAL,scienceworld_use-thermometer_var_0,1,5-5,scienceworld_use-thermometer_var_0,1,7-7
66,"Your task is to measure the temperature of unknown substance B, which is located around the living room. First, focus on the thermometer. Next, focus on the unknown substance B. If the unknown substance B temperature is above 100.0 degrees celsius, place it in the red box. If the unknown substance B temperature is below 100.0 degrees celsius, place it in the green box. The boxes are located around the bathroom.","thermometer, unknown substance","use, take",MEASURE,Attempted to use a tool on an object without taking the tool first.,Take tools into inventory before attempting to use them on other objects.,VALID_SAME_TRIAL,scienceworld_use-thermometer_var_0,1,21-21,scienceworld_use-thermometer_var_0,1,27-27
67,"Your task is to change the state of matter of water. First, focus on the substance. Then, take actions that will cause it to change its state of matter.",container,take,ACQUIRE,Incorrectly specifying object name when taking a container.,"Use the exact object name from the observation, e.g., 'take cup containing nothing in table'.",VALID_SAME_TRIAL,scienceworld_change-the-state-of-matter-of_var_0,1,10-16,scienceworld_change-the-state-of-matter-of_var_0,1,18-19
68,"Your task is to change the state of matter of water. First, focus on the substance. Then, take actions that will cause it to change its state of matter.","container, sink, water",fill,ACQUIRE,Attempting to fill a container directly from inventory with an activated sink.,Place the container in the activated sink to fill it with water.,VALID_SAME_TRIAL,scienceworld_change-the-state-of-matter-of_var_0,1,22-37,scienceworld_change-the-state-of-matter-of_var_0,1,38-39
69,"Your task is to change the state of matter of water. First, focus on the substance. Then, take actions that will cause it to change its state of matter.","container, freezer",take,ACQUIRE,Incorrectly specifying object name when taking a container from a freezer.,"Use the exact object name from the observation, e.g., 'take cup containing water'.",VALID_SAME_TRIAL,scienceworld_change-the-state-of-matter-of_var_0,1,45-48,scienceworld_change-the-state-of-matter-of_var_0,1,49-50
70,"Your task is to change the state of matter of water. First, focus on the substance. Then, take actions that will cause it to change its state of matter.",container,take,ACQUIRE,Incorrectly specifying object name when taking a container.,"Use the exact object name from the observation, e.g., 'take cup containing nothing'.",VALID_SAME_TRIAL,scienceworld_change-the-state-of-matter-of_var_0,5,6-7,scienceworld_change-the-state-of-matter-of_var_0,5,8-9
71,"Your task is to change the state of matter of water. First, focus on the substance. Then, take actions that will cause it to change its state of matter.","container, sink, water",fill,ACQUIRE,Attempting to fill a container directly from inventory with an activated sink.,Place the container in the activated sink to fill it with water.,VALID_SAME_TRIAL,scienceworld_change-the-state-of-matter-of_var_0,5,12-17,scienceworld_change-the-state-of-matter-of_var_0,5,18-19
72,"Your task is to change the state of matter of water. First, focus on the substance. Then, take actions that will cause it to change its state of matter.","container, freezer",take,ACQUIRE,Incorrectly specifying object name when taking a container from a freezer.,"Use the exact object name from the observation, e.g., 'take cup containing water'.",VALID_SAME_TRIAL,scienceworld_change-the-state-of-matter-of_var_0,5,22-23,scienceworld_change-the-state-of-matter-of_var_0,5,24-25
73,"Your task is to change the state of matter of water. First, focus on the substance. Then, take actions that will cause it to change its state of matter.","substance, freezer",focus,PROCEDURE,Attempting to focus on a substance inside a closed container/appliance.,Open the container/appliance before attempting to focus on the substance inside.,VALID_SAME_TRIAL,scienceworld_change-the-state-of-matter-of_var_0,6,34-35,scienceworld_change-the-state-of-matter-of_var_0,6,36-39
74,"Your task is to change the state of matter of water. First, focus on the substance. Then, take actions that will cause it to change its state of matter.",container,take,ACQUIRE,Incorrectly specifying object name when taking a container.,"Use the exact object name from the observation, e.g., 'take glass cup from table'.",VALID_SAME_TRIAL,scienceworld_change-the-state-of-matter-of_var_0,6,4-5,scienceworld_change-the-state-of-matter-of_var_0,6,6-7
75,"Your task is to change the state of matter of water. First, focus on the substance. Then, take actions that will cause it to change its state of matter.","container, sink, water",fill,ACQUIRE,Attempting to fill a container directly from inventory with an activated sink.,Place the container in the activated sink to fill it with water.,VALID_SAME_TRIAL,scienceworld_change-the-state-of-matter-of_var_0,6,10-15,scienceworld_change-the-state-of-matter-of_var_0,6,16-17
76,"Your task is to change the state of matter of water. First, focus on the substance. Then, take actions that will cause it to change its state of matter.","container, freezer",take,ACQUIRE,Incorrectly specifying object name when taking a container from a freezer.,"Use the exact object name from the observation, e.g., 'take cup containing water'.",VALID_SAME_TRIAL,scienceworld_change-the-state-of-matter-of_var_0,6,20-21,scienceworld_change-the-state-of-matter-of_var_0,6,22-23
77,"Your task is to change the state of matter of water. First, focus on the substance. Then, take actions that will cause it to change its state of matter.",container,take,ACQUIRE,Incorrectly specifying object name when taking a container.,"Use the exact object name from the observation, e.g., 'take cup containing nothing'.",VALID_SAME_TRIAL,scienceworld_change-the-state-of-matter-of_var_0,7,4-5,scienceworld_change-the-state-of-matter-of_var_0,7,6-7
78,"Your task is to change the state of matter of water. First, focus on the substance. Then, take actions that will cause it to change its state of matter.","container, sink, water",fill,ACQUIRE,Attempting to fill a container directly from inventory with an activated sink.,Place the container in the activated sink to fill it with water.,VALID_SAME_TRIAL,scienceworld_change-the-state-of-matter-of_var_0,7,10-15,scienceworld_change-the-state-of-matter-of_var_0,7,16-17
79,"Your task is to change the state of matter of water. First, focus on the substance. Then, take actions that will cause it to change its state of matter.","container, freezer",take,ACQUIRE,Incorrectly specifying object name when taking a container from a freezer.,"Use the exact object name from the observation, e.g., 'take cup containing water'.",VALID_SAME_TRIAL,scienceworld_change-the-state-of-matter-of_var_0,7,20-21,scienceworld_change-the-state-of-matter-of_var_0,7,22-23
80,"Your task is to change the state of matter of water. First, focus on the substance. Then, take actions that will cause it to change its state of matter.","substance, freezer",focus,PROCEDURE,Attempting to focus on a substance inside a closed container/appliance.,Open the container/appliance before attempting to focus on the substance inside.,VALID_SAME_TRIAL,scienceworld_change-the-state-of-matter-of_var_0,7,34-35,scienceworld_change-the-state-of-matter-of_var_0,7,36-39
81,"Your task is to change the state of matter of water. First, focus on the substance. Then, take actions that will cause it to change its state of matter.","container, metal pot, water",pour,PROCEDURE,Incorrectly specifying pour action to transfer water between containers.,The game does not support direct 'pour' actions between containers. Place the substance in the target container.,VALID_SAME_TRIAL,scienceworld_change-the-state-of-matter-of_var_0,7,46-51,scienceworld_change-the-state-of-matter-of_var_0,7,52-53
82,"Your task is to change the state of matter of water. First, focus on the substance. Then, take actions that will cause it to change its state of matter.","substance, freezer","activate, focus",PROCEDURE,Repeatedly activating freezer and focusing on water without state change.,The game may require a different method or a specific 'freeze' action not yet discovered.,CANDIDATE,scienceworld_change-the-state-of-matter-of_var_0,1,60-65,scienceworld_change-the-state-of-matter-of_var_0,1,60-65
83,"Your task is to change the state of matter of water. First, focus on the substance. Then, take actions that will cause it to change its state of matter.","container, sink, water",fill,ACQUIRE,Repeatedly attempting to fill a cup from the sink using invalid commands.,"The correct method to fill a cup from the sink is to first activate the sink, then put the cup in the sink.",VALID_NEXT_TRIAL,scienceworld_change-the-state-of-matter-of_var_0,2,12-48,scienceworld_change-the-state-of-matter-of_var_0,3,14-15
84,"Your task is to change the state of matter of water. First, focus on the substance. Then, take actions that will cause it to change its state of matter.","container, sink, water",fill,ACQUIRE,Repeatedly attempting to fill a cup from the sink using invalid commands.,"The correct method to fill a cup from the sink is to first activate the sink, then put the cup in the sink.",VALID_SAME_TRIAL,scienceworld_change-the-state-of-matter-of_var_0,3,8-11,scienceworld_change-the-state-of-matter-of_var_0,3,14-15
85,"Your task is to change the state of matter of water. First, focus on the substance. Then, take actions that will cause it to change its state of matter.","substance, freezer","activate, focus",PROCEDURE,Repeatedly activating freezer and focusing on water without state change.,The game may require a different method or a specific 'freeze' action not yet discovered.,CANDIDATE,scienceworld_change-the-state-of-matter-of_var_0,4,38-48,scienceworld_change-the-state-of-matter-of_var_0,4,38-48
86,"Your task is to change the state of matter of water. First, focus on the substance. Then, take actions that will cause it to change its state of matter.","substance, stove","activate, focus",PROCEDURE,Repeatedly activating stove and focusing on water without state change.,The game may require a different method or a specific 'boil' action not yet discovered.,CANDIDATE,scienceworld_change-the-state-of-matter-of_var_0,5,40-49,scienceworld_change-the-state-of-matter-of_var_0,5,40-49
87,"Your task is to grow a apple. This will require growing several plants, and them being crosspollinated to produce fruit.  Seeds can be found in the kitchen. To complete the task, focus on the grown apple.","seed, container",take,ACQUIRE,Agent failed to correctly take an apple seed from the seed jar due to ambiguous request handling.,"When prompted with an ambiguous request for multiple identical items, enter the corresponding number (e.g., '0') as a separate action immediately after the prompt.",VALID_SAME_TRIAL,scienceworld_grow-fruit_var_0,1,6-11,scienceworld_grow-fruit_var_0,1,12-13
88,"Your task is to grow a apple. This will require growing several plants, and them being crosspollinated to produce fruit.  Seeds can be found in the kitchen. To complete the task, focus on the grown apple.","jug, sink, water","fill, activate",PROCEDURE,Agent attempted to fill a jug with water before activating the sink.,Activate the sink before attempting to fill a container with water from it.,VALID_SAME_TRIAL,scienceworld_grow-fruit_var_0,1,20-21,scienceworld_grow-fruit_var_0,1,22-23
89,"Your task is to grow a apple. This will require growing several plants, and them being crosspollinated to produce fruit.  Seeds can be found in the kitchen. To complete the task, focus on the grown apple.","jug, water, sink",fill,PROCEDURE,Agent repeatedly tried invalid commands to fill a jug from an activated sink.,"To fill a container from a water source, first place the container in the source, then check its contents.",VALID_SAME_TRIAL,scienceworld_grow-fruit_var_0,1,24-33,scienceworld_grow-fruit_var_0,1,34-39
90,"Your task is to grow a apple. This will require growing several plants, and them being crosspollinated to produce fruit.  Seeds can be found in the kitchen. To complete the task, focus on the grown apple.","jug, flower pot, water",pour,PROCEDURE,Agent used incorrect phrasing to pour water from a jug into a flower pot.,"To pour contents from a container into another, use the format 'pour [container] into [destination]'.",VALID_SAME_TRIAL,scienceworld_grow-fruit_var_0,1,44-45,scienceworld_grow-fruit_var_0,1,46-47
91,"Your task is to grow a apple. This will require growing several plants, and them being crosspollinated to produce fruit.  Seeds can be found in the kitchen. To complete the task, focus on the grown apple.","seed, container",take,ACQUIRE,Agent repeatedly failed to correctly take an apple seed from the seed jar due to ambiguous request handling.,"When prompted with an ambiguous request for multiple identical items, enter the corresponding number (e.g., '0') as a separate action immediately after the prompt.",VALID_SAME_TRIAL,scienceworld_grow-fruit_var_0,2,4-30,scienceworld_grow-fruit_var_0,2,31-32
92,"Your task is to grow a apple. This will require growing several plants, and them being crosspollinated to produce fruit.  Seeds can be found in the kitchen. To complete the task, focus on the grown apple.","seed, container",take,ACQUIRE,Agent repeatedly failed to correctly take an apple seed from the seed jar due to ambiguous request handling.,"The game's disambiguation mechanism for taking multiple identical items is broken, preventing task completion.",CANDIDATE,scienceworld_grow-fruit_var_0,3,10-48,scienceworld_grow-fruit_var_0,3,48-48
93,"Your task is to grow a apple. This will require growing several plants, and them being crosspollinated to produce fruit.  Seeds can be found in the kitchen. To complete the task, focus on the grown apple.","seed, container",take,ACQUIRE,Agent repeatedly failed to correctly take an apple seed from the seed jar due to ambiguous request handling.,"The game's disambiguation mechanism for taking multiple identical items is broken, preventing task completion.",CANDIDATE,scienceworld_grow-fruit_var_0,4,1-48,scienceworld_grow-fruit_var_0,4,48-48
94,"Your task is to grow a apple. This will require growing several plants, and them being crosspollinated to produce fruit.  Seeds can be found in the kitchen. To complete the task, focus on the grown apple.","seed, container",take,ACQUIRE,Agent repeatedly failed to correctly take an apple seed from the seed jar due to ambiguous request handling.,"The game's disambiguation mechanism for taking multiple identical items is broken, preventing task completion.",CANDIDATE,scienceworld_grow-fruit_var_0,5,1-40,scienceworld_grow-fruit_var_0,5,40-40
95,"Your task is to grow a apple. This will require growing several plants, and them being crosspollinated to produce fruit.  Seeds can be found in the kitchen. To complete the task, focus on the grown apple.","seed, container",take,ACQUIRE,Agent repeatedly failed to correctly take an apple seed from the seed jar due to ambiguous request handling.,"The game's disambiguation mechanism for taking multiple identical items is broken, preventing task completion.",CANDIDATE,scienceworld_grow-fruit_var_0,6,1-49,scienceworld_grow-fruit_var_0,6,49-49
96,"Your task is to grow a apple. This will require growing several plants, and them being crosspollinated to produce fruit.  Seeds can be found in the kitchen. To complete the task, focus on the grown apple.","seed, container",take,ACQUIRE,Agent repeatedly failed to correctly take an apple seed from the seed jar due to ambiguous request handling.,"The game's disambiguation mechanism for taking multiple identical items is broken, preventing task completion.",CANDIDATE,scienceworld_grow-fruit_var_0,7,1-35,scienceworld_grow-fruit_var_0,7,35-35
97,"Your task is to grow a apple plant from seed. Seeds can be found in the kitchen. First, focus on a seed. Then, make changes to the environment that grow the plant until it reaches the reproduction life stage.","seed, container",take,ACQUIRE,"Agent repeatedly failed to correctly specify the object to take from a container, leading to 'No known action matches that input' or ambiguous requests.","When taking an item from a container, use the format 'take [item] in [container]' or select the correct number from ambiguous request options.",VALID_SAME_TRIAL,scienceworld_grow-plant_var_0,1,6-14,scienceworld_grow-plant_var_0,1,18-20
98,"Your task is to grow a apple plant from seed. Seeds can be found in the kitchen. First, focus on a seed. Then, make changes to the environment that grow the plant until it reaches the reproduction life stage.",seed,focus,PROCEDURE,Agent failed to correctly respond to an ambiguous request when focusing on an object in inventory.,"When an ambiguous request appears, enter the corresponding number for the intended action immediately.",VALID_SAME_TRIAL,scienceworld_grow-plant_var_0,1,23-24,scienceworld_grow-plant_var_0,1,27-28
99,"Your task is to grow a apple plant from seed. Seeds can be found in the kitchen. First, focus on a seed. Then, make changes to the environment that grow the plant until it reaches the reproduction life stage.",thermometer,look at,MEASURE,Agent attempted to look at a thermometer in the current room when it was located in another room.,Verify the location of measurement tools before attempting to use them; go to the correct room if necessary.,VALID_SAME_TRIAL,scienceworld_grow-plant_var_0,1,37-37,scienceworld_grow-plant_var_0,1,40-44
100,"Your task is to grow a apple plant from seed. Seeds can be found in the kitchen. First, focus on a seed. Then, make changes to the environment that grow the plant until it reaches the reproduction life stage.",sink,activate,PROCEDURE,"Agent attempted to activate a sink to increase temperature, which is not a valid heating method.",Identify appropriate heat sources for temperature control; activating a sink does not increase room temperature.,CANDIDATE,scienceworld_grow-plant_var_0,1,47-47,scienceworld_grow-plant_var_0,1,48-48
101,"Your task is to grow a apple plant from seed. Seeds can be found in the kitchen. First, focus on a seed. Then, make changes to the environment that grow the plant until it reaches the reproduction life stage.",door,close,PROCEDURE,"Agent attempted to close doors to increase room temperature, which is ineffective in this environment.",Closing doors does not affect room temperature; seek explicit heating mechanisms.,CANDIDATE,scienceworld_grow-plant_var_0,1,51-52,scienceworld_grow-plant_var_0,1,56-56
102,"Your task is to grow a apple plant from seed. Seeds can be found in the kitchen. First, focus on a seed. Then, make changes to the environment that grow the plant until it reaches the reproduction life stage.",seed,pick up,ACQUIRE,Agent repeatedly failed to correctly respond to ambiguous requests when picking up a seed.,"When an ambiguous request appears, enter the corresponding number for the intended action immediately, without any intervening actions or blank lines.",VALID_NEXT_TRIAL,scienceworld_grow-plant_var_0,2,5-48,scienceworld_grow-plant_var_0,5,45-46
103,"Your task is to grow a apple plant from seed. Seeds can be found in the kitchen. First, focus on a seed. Then, make changes to the environment that grow the plant until it reaches the reproduction life stage.",seed,focus,PROCEDURE,Agent repeatedly failed to correctly respond to ambiguous requests when focusing on a seed.,"When an ambiguous request appears, enter the corresponding number for the intended action immediately, without any intervening actions or blank lines.",VALID_NEXT_TRIAL,scienceworld_grow-plant_var_0,5,49-49,scienceworld_grow-plant_var_0,1,27-28
104,"Your task is to melt water. First, focus on the substance. Then, take actions that will cause it to change its state of matter.",container,take,ACQUIRE,Agent repeatedly tries to 'take metal pot' or 'take ceramic cup' when not directly available.,"Use 'take <object name>' only when the object is explicitly listed as a direct 'take' action. Otherwise, use 'take <object name> from <location>'.",VALID_SAME_TRIAL,scienceworld_melt_var_0,1,20-25,scienceworld_melt_var_0,1,26-27
105,"Your task is to melt water. First, focus on the substance. Then, take actions that will cause it to change its state of matter.","container, water source",fill,ACQUIRE,Agent repeatedly tries to 'fill <container> with water from sink' without placing container in sink first.,"To fill a container from a water source like a sink, first 'put <container> in <water source>', then activate the water source.",VALID_SAME_TRIAL,scienceworld_melt_var_0,1,28-31,scienceworld_melt_var_0,1,32-33
106,"Your task is to melt water. First, focus on the substance. Then, take actions that will cause it to change its state of matter.","water, freezer","put, wait",PROCEDURE,Agent attempts to put water in freezer without opening it first.,Always open a container (like a freezer) before attempting to put items inside it.,VALID_SAME_TRIAL,scienceworld_melt_var_0,2,28-28,scienceworld_melt_var_0,2,30-31
107,"Your task is to melt water. First, focus on the substance. Then, take actions that will cause it to change its state of matter.","water, freezer","wait, look in",PROCEDURE,Agent does not wait long enough for water to freeze into ice in the freezer.,"After placing a substance in a freezer, wait for multiple turns and check the object's state to confirm freezing.",VALID_NEXT_TRIAL,scienceworld_melt_var_0,2,32-33,scienceworld_melt_var_0,3,46-47
108,"Your task is to melt water. First, focus on the substance. Then, take actions that will cause it to change its state of matter.",container,take,ACQUIRE,Agent repeatedly tries to 'take <container>' without specifying location or using exact object name.,"When taking an object, use the exact object name as seen in 'look around' or 'look in' observations.",VALID_SAME_TRIAL,scienceworld_melt_var_0,3,3-8,scienceworld_melt_var_0,3,12-13
109,"Your task is to melt water. First, focus on the substance. Then, take actions that will cause it to change its state of matter.","sink, container","activate, fill",ACQUIRE,Agent attempts to fill a container from the sink without activating the sink first.,Activate the water source (sink) before attempting to fill a container from it.,VALID_SAME_TRIAL,scienceworld_melt_var_0,2,10-11,scienceworld_melt_var_0,2,12-13
110,"Your task is to melt water. First, focus on the substance. Then, take actions that will cause it to change its state of matter.","sink, container",fill,ACQUIRE,"Agent repeatedly tries to 'fill <container> with water' while container is in inventory, not in sink.","To fill a container from a water source, the container must be placed in the water source, not in inventory.",VALID_SAME_TRIAL,scienceworld_melt_var_0,2,16-17,scienceworld_melt_var_0,2,20-21
111,"Your task is to melt water. First, focus on the substance. Then, take actions that will cause it to change its state of matter.",substance,focus,ORIENT,Agent attempts to focus on 'water' when it is not explicitly present or interactable.,Only focus on substances that are explicitly mentioned in the environment description as being present and interactable.,VALID_NEXT_TRIAL,scienceworld_melt_var_0,4,40-41,scienceworld_melt_var_0,2,24-25
112,"Your task is to melt water. First, focus on the substance. Then, take actions that will cause it to change its state of matter.","container, substance","take, focus",ACQUIRE,Agent attempts to take or focus on 'cup containing orange juice' when it is not explicitly available.,Verify the exact name and location of an object before attempting to take or focus on it.,VALID_SAME_TRIAL,scienceworld_melt_var_0,5,28-31,scienceworld_melt_var_0,5,40-41
113,"Your task is to melt water. First, focus on the substance. Then, take actions that will cause it to change its state of matter.","stove, container","put, activate",PROCEDURE,"Agent puts cup on stove and activates stove, but then expects cup to remain on stove.","After activating a heat source, the heated object may disappear or change state, indicating progress or completion.",VALID_SAME_TRIAL,scienceworld_melt_var_0,7,4-7,scienceworld_melt_var_0,7,8-9
114,"Your task is to melt water. First, focus on the substance. Then, take actions that will cause it to change its state of matter.",substance,focus,ANSWER,Agent attempts to focus on 'orange juice' or 'cup containing orange juice' after it has melted.,"If a substance has changed state and is no longer interactable, the task may be complete, or a different object needs to be focused on.",VALID_SAME_TRIAL,scienceworld_melt_var_0,7,10-13,scienceworld_melt_var_0,7,14-15
115,"Your task is to determine whether tall plant height is a dominant or recessive trait in the pea plant. If the trait is dominant, focus on the red box. If the trait is recessive, focus on the green box.","seed, flower pot","take, put",ACQUIRE,"Agent attempts to take seed with 'from seed jar' qualifier, which is not a valid action.","To take an item from a container, use 'take [item]' if the container is the current location or implied.",VALID_SAME_TRIAL,scienceworld_mendelian-genetics-known-plant_var_0,1,8-8,scienceworld_mendelian-genetics-known-plant_var_0,1,10-10
116,"Your task is to determine whether tall plant height is a dominant or recessive trait in the pea plant. If the trait is dominant, focus on the red box. If the trait is recessive, focus on the green box.","seed, flower pot","take, put",ACQUIRE,"Agent attempts to take seed with 'from seed jar' qualifier, which is not a valid action.","To take an item from a container, use 'take [item]' if the container is the current location or implied.",VALID_SAME_TRIAL,scienceworld_mendelian-genetics-known-plant_var_0,1,16-16,scienceworld_mendelian-genetics-known-plant_var_0,1,18-18
117,"Your task is to determine whether tall plant height is a dominant or recessive trait in the pea plant. If the trait is dominant, focus on the red box. If the trait is recessive, focus on the green box.","jug, water, sink",fill,ACQUIRE,Agent repeatedly tries invalid 'fill jug with water from sink' action.,"To fill a container from a source, first put the container in the source, then take the container.",VALID_SAME_TRIAL,scienceworld_mendelian-genetics-known-plant_var_0,1,30-30,scienceworld_mendelian-genetics-known-plant_var_0,1,44-44
118,"Your task is to determine whether tall plant height is a dominant or recessive trait in the pea plant. If the trait is dominant, focus on the red box. If the trait is recessive, focus on the green box.","jug, water, flower pot",pour,PROCEDURE,Agent repeatedly tries invalid 'pour water from jug into flower pot' action.,"To pour contents from one container to another, use 'pour [source container] into [destination container]'.",VALID_SAME_TRIAL,scienceworld_mendelian-genetics-known-plant_var_0,1,46-46,scienceworld_mendelian-genetics-known-plant_var_0,1,52-52
119,"Your task is to determine whether tall plant height is a dominant or recessive trait in the pea plant. If the trait is dominant, focus on the red box. If the trait is recessive, focus on the green box.","seed, flower pot",take,ACQUIRE,"Agent attempts to take seed with 'from seed jar' qualifier, which is not a valid action.","To take an item from a container, use 'take [item]' if the container is the current location or implied.",VALID_SAME_TRIAL,scienceworld_mendelian-genetics-known-plant_var_0,2,20-20,scienceworld_mendelian-genetics-known-plant_var_0,2,22-22
120,"Your task is to determine whether tall plant height is a dominant or recessive trait in the pea plant. If the trait is dominant, focus on the red box. If the trait is recessive, focus on the green box.","jug, water, sink",fill,ACQUIRE,Agent repeatedly tries invalid 'fill jug with water from sink' action.,"To fill a container from a source, first put the container in the source, then take the container.",VALID_SAME_TRIAL,scienceworld_mendelian-genetics-known-plant_var_0,3,10-10,scienceworld_mendelian-genetics-known-plant_var_0,3,24-24
121,"Your task is to determine whether tall plant height is a dominant or recessive trait in the pea plant. If the trait is dominant, focus on the red box. If the trait is recessive, focus on the green box.","jug, water, flower pot",pour,PROCEDURE,Agent repeatedly tries invalid 'pour water from jug into flower pot' action.,"To pour contents from one container to another, use 'pour [source container] into [destination container]'.",VALID_SAME_TRIAL,scienceworld_mendelian-genetics-known-plant_var_0,3,26-26,scienceworld_mendelian-genetics-known-plant_var_0,3,30-30
122,"Your task is to determine whether tall plant height is a dominant or recessive trait in the pea plant. If the trait is dominant, focus on the red box. If the trait is recessive, focus on the green box.","jug, water, sink",fill,ACQUIRE,Agent repeatedly tries invalid 'fill jug with water from sink' action.,"To fill a container from a source, first put the container in the source, then take the container.",VALID_SAME_TRIAL,scienceworld_mendelian-genetics-known-plant_var_0,4,10-10,scienceworld_mendelian-genetics-known-plant_var_0,4,30-30
123,"Your task is to determine whether tall plant height is a dominant or recessive trait in the pea plant. If the trait is dominant, focus on the red box. If the trait is recessive, focus on the green box.","jug, water, flower pot",pour,PROCEDURE,Agent repeatedly tries invalid 'pour water from jug into flower pot' action.,"To pour contents from one container to another, use 'pour [source container] into [destination container]'.",VALID_SAME_TRIAL,scienceworld_mendelian-genetics-known-plant_var_0,4,32-32,scienceworld_mendelian-genetics-known-plant_var_0,4,36-36
124,"Your task is to determine whether tall plant height is a dominant or recessive trait in the pea plant. If the trait is dominant, focus on the red box. If the trait is recessive, focus on the green box.","jug, water, sink",fill,ACQUIRE,Agent repeatedly tries invalid 'fill jug with water from sink' action.,"To fill a container from a source, first put the container in the source, then take the container.",VALID_NEXT_TRIAL,scienceworld_mendelian-genetics-known-plant_var_0,5,10-10,scienceworld_mendelian-genetics-known-plant_var_0,6,44-44
125,"Your task is to determine whether tall plant height is a dominant or recessive trait in the pea plant. If the trait is dominant, focus on the red box. If the trait is recessive, focus on the green box.","jug, water, flower pot",pour,PROCEDURE,Agent repeatedly tries invalid 'pour water from jug into flower pot' action.,"To pour contents from one container to another, use 'pour [source container] into [destination container]'.",VALID_NEXT_TRIAL,scienceworld_mendelian-genetics-known-plant_var_0,5,46-46,scienceworld_mendelian-genetics-known-plant_var_0,1,52-52
126,"Your task is to determine whether tall plant height is a dominant or recessive trait in the pea plant. If the trait is dominant, focus on the red box. If the trait is recessive, focus on the green box.","jug, water, sink",fill,ACQUIRE,Agent repeatedly tries invalid 'fill jug with water from sink' action.,"To fill a container from a source, first put the container in the source, then take the container.",VALID_SAME_TRIAL,scienceworld_mendelian-genetics-known-plant_var_0,6,30-30,scienceworld_mendelian-genetics-known-plant_var_0,6,44-44
127,"Your task is to determine whether tall plant height is a dominant or recessive trait in the pea plant. If the trait is dominant, focus on the red box. If the trait is recessive, focus on the green box.","jug, water, flower pot",pour,PROCEDURE,Agent repeatedly tries invalid 'pour water from jug into flower pot' action.,"To pour contents from one container to another, use 'pour [source container] into [destination container]'.",VALID_NEXT_TRIAL,scienceworld_mendelian-genetics-known-plant_var_0,6,46-46,scienceworld_mendelian-genetics-known-plant_var_0,1,52-52
128,"Your task is to determine whether tall plant height is a dominant or recessive trait in the pea plant. If the trait is dominant, focus on the red box. If the trait is recessive, focus on the green box.","jug, water, sink",fill,ACQUIRE,Agent repeatedly tries invalid 'fill jug with water from sink' action.,"To fill a container from a source, first put the container in the source, then take the container.",VALID_NEXT_TRIAL,scienceworld_mendelian-genetics-known-plant_var_0,7,10-10,scienceworld_mendelian-genetics-known-plant_var_0,6,44-44
129,"Your task is to determine whether tall plant height is a dominant or recessive trait in the pea plant. If the trait is dominant, focus on the red box. If the trait is recessive, focus on the green box.","jug, water, flower pot",pour,PROCEDURE,Agent repeatedly tries invalid 'pour water from jug into flower pot' action.,"To pour contents from one container to another, use 'pour [source container] into [destination container]'.",VALID_NEXT_TRIAL,scienceworld_mendelian-genetics-known-plant_var_0,7,46-46,scienceworld_mendelian-genetics-known-plant_var_0,1,52-52
